T,0.01,0.01,0.02,0.02,0.03,0.03,0.05,0.05,0.075,0.075,0.1,0.1,0.15,0.15,0.2,0.2,0.25,0.25,0.3,0.3,0.4,0.4,0.5,0.5,0.75,0.75,1.0,1.0,1.5,1.5,2.0,2.0,3.0,3.0,4.0,4.0,5.0,5.0,7.5,7.5,10.0,10.0
Type,MAPE,MAFE,MAPE,MAFE,MAPE,MAFE,MAPE,MAFE,MAPE,MAFE,MAPE,MAFE,MAPE,MAFE,MAPE,MAFE,MAPE,MAFE,MAPE,MAFE,MAPE,MAFE,MAPE,MAFE,MAPE,MAFE,MAPE,MAFE,MAPE,MAFE,MAPE,MAFE,MAPE,MAFE,MAPE,MAFE,MAPE,MAFE,MAPE,MAFE,MAPE,MAFE
Sa,,,,,,,,,,,,,,,,,,,,,,,,,,,,,,,,,,,,,,,,,,
0.0001,0.7993922,1.6064035208602896,0.79939127,1.6063988849595703,0.7993872,1.606378596915705,0.7993798,1.6063417106177145,0.79938936,1.6063893639835518,0.79939926,1.6064387145279053,0.79940355,1.606460100520166,0.79940414,1.606463041753013,0.79940426,1.6064636399709216,0.79940426,1.6064636399709216,0.79940426,1.6064636399709216,0.79940414,1.606463041753013,0.79940253,1.6064550156973452,0.79939055,1.6063952958899028,0.79920894,1.6054904140680433,0.7981784,1.6003711401206735,0.7876517,1.5495274279059499,0.76151973,1.4334686974425492,0.7139274,1.2515096542219217,0.5547579,0.8091370998108727,0.41177973,0.5306537923883473
0.00013,0.79936415,1.6062637055632967,0.7993612,1.6062490024167106,0.7993504,1.606195175792255,0.79933214,1.606104175515254,0.7993597,1.606241526323388,0.79938775,1.6063813385192016,0.7994013,1.6064488840336257,0.7994035,1.606459851263543,0.79940397,1.6064621942782544,0.799404,1.6064623438325716,0.79940397,1.6064621942782544,0.7994036,1.6064603497768515,0.79939795,1.606432184164545,0.79936165,1.6062512452556066,0.7989152,1.6040285693465917,0.7967375,1.593257031830296,0.7789013,1.5091460708284687,0.74079394,1.350131935147687,0.6787682,1.135592298074087,0.50056434,0.6942764979989048,0.36003143,0.44633621320932443
0.00016,0.79930747,1.6059812436034577,0.7993012,1.6059500022709632,0.79927933,1.6058410389462807,0.7992448,1.6056690236264803,0.79930425,1.6059651992884616,0.7993647,1.6062664468518244,0.7993963,1.6064239589584004,0.79940194,1.606452074488105,0.79940313,1.6064580067664616,0.7994033,1.6064588542376712,0.79940325,1.6064586049813585,0.7994022,1.6064533706131445,0.79938793,1.6063822357728876,0.79930556,1.605971726602943,0.79843855,1.6016609813079392,0.7946964,1.5832654197968166,0.76878333,1.4644000427070198,0.71936315,1.2706937942056677,0.64568853,1.0375788939401185,0.45685232,0.610374025491413,0.3212595,0.38751640414870003
0.0002,0.79917127,1.6053028237099563,0.79915804,1.6052369488511022,0.799115,1.6050226739606908,0.7990517,1.6047076179385862,0.7991794,1.605343306785086,0.7993089,1.6059883689563277,0.7993826,1.6063556674353214,0.7993973,1.6064289439237451,0.7994006,1.6064453944856945,0.7994012,1.6064483855260332,0.7994009,1.606446890004745,0.799398,1.6064324334142723,0.7993614,1.6062499992333765,0.7991734,1.6053134298184326,0.7974894,1.5969630481265182,0.7911233,1.5660111532606809,0.75398296,1.4023544771560286,0.69099355,1.1743931285158382,0.60550356,0.9301451628180408,0.41029307,0.5281295943065578,0.28229338,0.3316944006789393
0.00025,0.79888046,1.6038558213345417,0.7988545,1.603726752201236,0.7987764,1.603338551412553,0.7986692,1.6028059525760525,0.798927,1.6040872527788335,0.7991881,1.6053866299723347,0.7993496,1.6061911887501419,0.7993852,1.6063686275118059,0.7993938,1.6064114966537566,0.7993954,1.606419472510837,0.7993946,1.6064154845743448,0.79938704,1.606377799359736,0.7992982,1.6059350546101967,0.7988937,1.60392165499657,0.79578966,1.5886047379028083,0.7855035,1.5394618577635064,0.7344101,1.3258018892113406,0.6570615,1.0702041481839613,0.5614319,0.8242401770615557,0.36519665,0.4544400130911297,0.24646842,0.2829843507122127
0.00032,0.79821485,1.6005517614809417,0.79816455,1.6003025175114294,0.7980271,1.599621748996819,0.79785275,1.5987588867474736,0.79837537,1.6013475776283426,0.7989051,1.6039783430422698,0.7992623,1.6057561982689763,0.79935014,1.6061938800018247,0.79937315,1.6063085639565708,0.7993776,1.6063307446833897,0.7993752,1.6063187819830886,0.79935503,1.6062182511107184,0.7991339,1.6051167620665547,0.7982523,1.6007373721448939,0.7925092,1.572668277643711,0.77600294,1.496122352213231,0.7065266,1.2259682741448417,0.61351275,0.9506563998558388,0.50961983,0.7125743315561743,0.31801233,0.3827437004809908,0.21071635,0.2366295170395323
0.0004,0.7970664,1.594876447043187,0.7969816,1.5944586636538531,0.7967709,1.5934213648697741,0.7965234,1.592204268426069,0.7974554,1.5967951697727538,0.7984016,1.6014776793243546,0.7990881,1.6048887754660024,0.7992741,1.6058149831750221,0.7993265,1.6060760697650753,0.7993369,1.6061278965857655,0.7993305,1.6060960028397777,0.79928404,1.6058645046673847,0.7988102,1.6035065378666795,0.7971347,1.5952130669829896,0.78764933,1.5495162670594804,0.7635605,1.4420629177296083,0.67539155,1.1251355922010406,0.5696121,0.8430683839126505,0.46150067,0.6189690265833108,0.27844763,0.3263503185097825,0.1819556,0.2008386651238205
0.0005,0.79507077,1.5850905789578975,0.7949368,1.5844370546732263,0.7946392,1.5829868468288655,0.79431826,1.5814252563169962,0.79589313,1.5891115497622192,0.797496,1.596995639544213,0.7987395,1.6031551901314323,0.79910916,1.604993603024019,0.7992208,1.605549482187298,0.79924375,1.6056637933895843,0.79922736,1.605582155428196,0.79912645,1.6050796733699286,0.79816955,1.6003272904734274,0.79516447,1.5855479145356721,0.7802593,1.5153070641315143,0.7466201,1.3728653354724485,0.6387411,1.0181604031807723,0.52262294,0.7394486181799911,0.41354012,0.5336510190254915,0.2421916,0.2773246957401484,0.15650763,0.17020442268017968
0.00063,0.79165274,1.568549072148073,0.79145116,1.5675820205699482,0.7910622,1.5657186789667754,0.7906854,1.5639168956324168,0.7932579,1.5762831562074047,0.79588324,1.589063095928217,0.7980509,1.5997395935312964,0.79875606,1.6032374749380758,0.7989842,1.604371767047253,0.79903275,1.604613319521846,0.79899234,1.6044122621964716,0.7987797,1.6033549512138672,0.7969178,1.5941444557924274,0.7917309,1.5689242854542285,0.7690845,1.4657034362476014,0.7235771,1.2858233395799061,0.59556323,0.9052598711423282,0.47217792,0.638996021759891,0.36529064,0.4545880856538246,0.2083167,0.23359384087590743,0.13348931,0.14328083291469398
0.00079,0.7864043,1.5436703031848724,0.7861211,1.542345311985713,0.78566235,1.5402027036465378,0.7852794,1.5384176308659132,0.7892456,1.5570618045007916,0.79330295,1.576501084287889,0.7968362,1.5937427287546355,0.7980832,1.599899547615406,0.79851264,1.6020286290915144,0.7986071,1.602497552546493,0.79851526,1.6020416324731381,0.79809916,1.5999785931965171,0.7947353,1.5834549132385483,0.78636354,1.5434794935785747,0.753789,1.401566387107202,0.69506705,1.187663362607789,0.5491683,0.7966611798566906,0.42252627,0.5490923267983416,0.32044962,0.38632390538735306,0.17880324,0.1969925392908311,0.1140218,0.12106293364590315
0.001,0.77821857,1.5060629316466707,0.77783716,1.5043446524859,0.77735716,1.502186405827174,0.7770569,1.5008386970307643,0.78300714,1.5278908292088071,0.7891056,1.5563977447185997,0.79467124,1.5831428770920406,0.79679143,1.5935223889703083,0.7975658,1.5973403835110274,0.79774153,1.5982088450576377,0.7975403,1.5972144245868067,0.79675233,1.5933299943345631,0.7908953,1.564920195516563,0.77785033,1.504403935084105,0.73239064,1.3182269737612895,0.6589369,1.0756877748288776,0.49798536,0.6891259963690363,0.37201372,0.46523695988634844,0.2770539,0.324420610086492,0.15182194,0.16466468881710167,0.09668406,0.10168290857441867
0.00126,0.7667079,1.4554639625083654,0.7662226,1.4533858984316432,0.7658073,1.4516109982445347,0.7657209,1.4512421393250456,0.7742256,1.4882190083618163,0.78295255,1.5276392857506067,0.79122126,1.5664802480810256,0.794585,1.582722955916526,0.7958774,1.5890344852621585,0.79617786,1.5905075281764005,0.79577285,1.588522424205261,0.7943835,1.5817424957029322,0.78486484,1.53648879721005,0.7657075,1.4511849442240037,0.70529485,1.2217799139924705,0.6174562,0.9609121224673721,0.4466025,0.5916787291675243,0.3248808,0.3928660111076512,0.23826979,0.27216284110591255,0.12890828,0.13800800342574654,0.08226068,0.08584189382899383
0.00158,0.7512995,1.3915059177204363,0.75071096,1.389142252515701,0.75047433,1.3881934833113985,0.75077385,1.3893945617796717,0.76242185,1.437258657001806,0.77438253,1.4889143244131335,0.78605056,1.5420155535567164,0.7910657,1.5657354305039084,0.79307556,1.575401576508891,0.7935504,1.5776989641670516,0.79279745,1.574058461722732,0.79050505,1.5630556449224084,0.7759703,1.4959766466305653,0.7492821,1.3834268762869768,0.6725288,1.1163551667049827,0.5718432,0.8482657953518119,0.39667287,0.5052957252111888,0.2818709,0.33110592108296927,0.20413214,0.22832211194323895,0.109616965,0.11610353243681845,0.070260435,0.0728507696871042
0.002,0.7300938,1.3096807877511032,0.7294029,1.307124280228227,0.72950244,1.3074922010690013,0.73044693,1.3109899877966928,0.7460642,1.3706737998172696,0.7621121,1.4359557246733248,0.7781413,1.505714586239859,0.7853671,1.5388261520551885,0.78836906,1.5529113704053261,0.7890826,1.5562886913444514,0.7877368,1.549928264911728,0.78407866,1.532841104289422,0.7626118,1.4380585031809165,0.7265291,1.2965600613183044,0.6319261,0.9994715457564917,0.52042866,0.7348626157461426,0.34649128,0.425399402472072,0.2409539,0.2756927656180617,0.17266457,0.1895450676423301,0.092507385,0.09706985061728964,0.05963137,0.061483321018087886
0.00251,0.70402676,1.217486234150297,0.70324826,1.214859381988067,0.70383143,1.2168264935145703,0.7056888,1.2231175680618076,0.7257607,1.2937541960847314,0.74641246,1.3720461901182204,0.76741046,1.4584800098141666,0.7772328,1.5016279990017172,0.7814267,1.5206338515961206,0.78241765,1.525177879422469,0.78019625,1.5150201761936397,0.7747304,1.490457371850813,0.74486005,1.3659430608428518,0.6984981,1.198978961010541,0.5871618,0.8846995303365409,0.46872312,0.6324719623764693,0.30096453,0.3580537941158704,0.20555748,0.23011464301085938,0.14619815,0.15805613787683276,0.07854423,0.08180050085381736,0.050873913,0.05221362618401904
0.00316,0.67152435,1.1132925686145925,0.6706739,1.1107068337063346,0.6719022,1.1144435443103442,0.6750259,1.1240097921356924,0.7001181,1.2043665484996666,0.72600037,1.294628522959942,0.75271046,1.397195402154801,0.7655779,1.4506319424472178,0.7711881,1.4748550103394826,0.7724882,1.4805531738043687,0.76899004,1.4652944525067328,0.7611404,1.4318793473643756,0.7211188,1.276969394293694,0.6636174,1.0895060763590145,0.5372658,0.7706024718175446,0.4158532,0.5376029578790068,0.25838354,0.2989230697232968,0.17378204,0.19089666617779422,0.12302522,0.131277044150016,0.066536956,0.06885390542889565,0.043208946,0.04417024574586849
0.00398,0.6327661,1.0017563042356168,0.63186663,0.9993099879926587,0.633867,1.0047586236120492,0.63862646,1.0178431187783126,0.6690244,1.1057106223343174,0.70051306,1.2056844683874195,0.733448,1.3221859324588303,0.74967057,1.3849775085509528,0.7568491,1.4140730407203155,0.7584557,1.4207023858589898,0.75321203,1.3992257320611323,0.74240094,1.3563509338269193,0.6908923,1.1740655191223126,0.6222702,0.9735761537792865,0.48428792,0.6622066537279804,0.36405504,0.4526432602673961,0.21977614,0.24817440047512138,0.14601539,0.1578421064332321,0.103213914,0.10893792250957955,0.056311857,0.057959524408053575,0.036541358,0.037225716802512444
0.00501,0.58833534,0.8875461930939766,0.5874161,0.8853156999497505,0.5902567,0.8922244129256851,0.59698874,0.908790776979131,0.63262063,1.0013602591113533,0.6697586,1.1079313767968946,0.7091272,1.234869220774618,0.7288253,1.3049920163531397,0.7376219,1.337968685761067,0.7394886,1.3451086567500827,0.73199344,1.316743821158912,0.71770287,1.2647951102639226,0.6540321,1.061409282794713,0.5753078,0.8563906077369119,0.4302396,0.5625393574029298,0.31490228,0.37819379396013797,0.18548918,0.20516756680482182,0.12216383,0.13029529729097575,0.08647962,0.09044959361545324,0.04758605,0.04875551726964281,0.030739723,0.03122209944372006
0.00631,0.53897315,0.7742989947314348,0.53806955,0.772340940358392,0.5417487,0.780337555386914,0.55070645,0.800078818673433,0.59112,0.8943335645221129,0.6335752,1.0039619628832084,0.67923874,1.1370581708804293,0.7023097,1.2117015946286351,0.7126498,1.2470535980133164,0.7146797,1.2541428701218502,0.7044236,1.218827930713686,0.6862547,1.1591737687280272,0.61058766,0.9431164967670007,0.5237306,0.7417716184627338,0.3766439,0.47263733440443056,0.26916763,0.31357116153476594,0.15535083,0.16883392126942037,0.10180478,0.10736784009728036,0.072330154,0.07507937889343408,0.040053617,0.04087784712164928,0.02566164,0.025996643469175105
0.00794,0.4864508,0.6664094411555894,0.48560193,0.6647578580097786,0.49003533,0.6734138301731591,0.50129163,0.6957337829334465,0.5455934,0.7887628870327899,0.5925562,0.8978522699226744,0.6438846,1.0325004433543634,0.669919,1.1084172000951953,0.6815574,1.1443130399916748,0.6835959,1.1507350848919387,0.67017376,1.1091893086498952,0.64799345,1.0441054956026203,0.56166524,0.8247723682908267,0.46953017,0.6339921934218405,0.32540518,0.3936430350084379,0.22777773,0.2584828558890169,0.12938733,0.13855809678812267,0.084675394,0.08847651596356063,0.06043441,0.062337648834774356,0.033561278,0.034137384309597216,0.02125312,0.021482219421668662
0.01,0.43216208,0.5659192530943226,0.43140683,0.5645900917965798,0.4364488,0.5734970889377857,0.44987392,0.5976077906626245,0.49685353,0.6868739584278628,0.54713213,0.7921548737495123,0.60306454,0.923981580780284,0.6313794,0.9979873481675106,0.6439107,1.0325737368892463,0.6457499,1.0377521181248661,0.6289151,0.9913244015844522,0.60289615,0.9235574456010714,0.5082699,0.7098252902491449,0.4141693,0.5347244389968665,0.27735484,0.32483696568115333,0.19073483,0.21162864059924302,0.107119426,0.11330244277134155,0.070209466,0.07279595046149427,0.05031832,0.05162842422149123,0.027912468,0.028309425078328444,0.017410204,0.017563543995180387
0.01259,0.37833053,0.47534672619911994,0.37770045,0.47433371053112167,0.3831562,0.48313944758107497,0.3983745,0.5081201202767242,0.4465882,0.5916528891244368,0.4986614,0.6904735578764932,0.55768704,0.8157375931579787,0.58733433,0.8851175295944055,0.6002046,0.9168023627349055,0.60160214,0.9203041247720641,0.58140045,0.87084054398276,0.55212325,0.803237196024435,0.45249584,0.6023852191468311,0.3598208,0.4460071418211038,0.2336173,0.2660736256491554,0.15832894,0.17236600615242945,0.08831716,0.09246311254933046,0.05806479,0.059818785964377084,0.041730307,0.042626023928206434,0.023032615,0.023302010301076093,0.014093675,0.014193933963763193
0.01585,0.3266877,0.39554601536666345,0.32620114,0.39482363990782104,0.33185828,0.4032549722587042,0.34830526,0.42817901687477894,0.39627054,0.5046290952980056,0.44849083,0.5950968130469402,0.5088206,0.7109458411393806,0.53870976,0.7737278462402798,0.5512935,0.8013862798113872,0.5520081,0.8029801270877464,0.5288086,0.7524908980846612,0.49719936,0.6875615293949375,0.39629057,0.5046622729605238,0.30805814,0.3682533442351624,0.19460775,0.21642585315888258,0.13037932,0.13969816240914393,0.07252606,0.0752905819303163,0.04783269,0.049014513833936076,0.034415953,0.03502213066917971,0.01882522,0.019004670148682495,0.011239641,0.011303283090427161
0.01995,0.2787056,0.32670790326252624,0.27836418,0.3262346717761532,0.28401735,0.3340993441586628,0.3010244,0.3581394443676049,0.34738764,0.4267719553761583,0.3981767,0.5077913983538951,0.45793262,0.612364967926078,0.48696727,0.6674156346769851,0.4986623,0.6904753530720114,0.498501,0.6901536656000812,0.47298434,0.6405250155122486,0.44019985,0.5801754339479794,0.34163323,0.4179931017313687,0.26018414,0.3013539615870312,0.16050832,0.1749587131747603,0.10661799,0.11274100682383523,0.05931829,0.061150443161250796,0.03920081,0.039989851264179054,0.028199127,0.028604358677747656,0.015213484,0.015330396325858689,0.00879725,0.008836174256202334
0.02512,0.23520628,0.26814912857572953,0.23499677,0.2678752229422925,0.24046819,0.275053075005727,0.2573719,0.29755989793352694,0.3010363,0.3581564694272772,0.3490554,0.42933074024115536,0.40648073,0.521685597051751,0.4336934,0.5686196513302567,0.4440091,0.5870033517719686,0.44286558,0.5849487396241214,0.41592735,0.537729903206102,0.3831796,0.4831773833499867,0.2900378,0.3425435498006648,0.21692502,0.24452682767819145,0.1311416,0.14057511290871752,0.086597644,0.09057879886079673,0.048257686,0.04946095940225678,0.031903878,0.032423897048660846,0.022922447,0.023189251379339672,0.012116413,0.012190415099483373,0.006718786,0.006741458654866186
0.03162,0.19672105,0.2190532405525336,0.19662026,0.21892777519917683,0.20177466,0.22536434044194445,0.21801268,0.24591675340204736,0.25823098,0.29871737807726834,0.30251384,0.3602726077773841,0.35617292,0.44032509824963445,0.3808396,0.4793909122401034,0.38946414,0.4934182484176912,0.3873435,0.4899508589963464,0.35996565,0.4462334321937031,0.328353,0.39802237409516494,0.24287535,0.27822737595618635,0.1788333,0.19702914507357702,0.10630113,0.11238639500199045,0.06992392,0.07248888972918784,0.039030153,0.039812247195050166,0.02577347,0.02611142537938668,0.018476283,0.01864910152292606,0.0094796335,0.009524851217467312,0.0049807453,0.004993190553494917
0.03981,0.16309461,0.17804424952910977,0.16307743,0.17802372173245298,0.1678268,0.18371468674901376,0.18299347,0.2021081914980165,0.21936838,0.24765191775394577,0.2593519,0.30022966527161726,0.30824384,0.36852175540354,0.32992813,0.4003703036932798,0.3367379,0.4105850426327716,0.3337438,0.4060809977292464,0.30684885,0.3665071939065797,0.2772384,0.324675848404724,0.20077626,0.22411434738426464,0.14587754,0.1576806996892166,0.08549546,0.08937284670208519,0.056087438,0.05772174212659663,0.031329405,0.031830668125626405,0.02063584,0.02085173421644961,0.014732877,0.014842483712699268,0.0072457097,0.007272087348283705,0.0035583745,0.003564720573484406
0.05012,0.13398248,0.14385013967746255,0.13402718,0.14390175659353602,0.13832779,0.14888034745955175,0.15218177,0.16508901758187633,0.18462986,0.20411310933128735,0.22013922,0.24863986240871905,0.2637525,0.3061889396078442,0.28231427,0.3317235077032333,0.2873583,0.33877650941979626,0.28366828,0.3336119232206029,0.25802106,0.2984344189668806,0.2309977,0.26266131858369657,0.1640751,0.17921650246850454,0.11786706,0.12541250870972853,0.06824613,0.07068658715675044,0.044664707,0.0456929079732356,0.024933936,0.02525005233103809,0.016354548,0.016489759866342463,0.011590073,0.011657761413463748,0.00538018,0.005394705290961922,0.0024349848,0.002437954196758186
0.0631,0.108854346,0.1152473923686955,0.108945034,0.11534916317840184,0.112785004,0.11966794047385894,0.12521423,0.13377625688704362,0.15387104,0.16708349600476632,0.18503368,0.20460849174855622,0.22330396,0.25270620206315964,0.23885584,0.2729325041069786,0.24231361,0.277485712460323,0.23814434,0.27199816381039066,0.21430664,0.24118868989881817,0.19018547,0.2109500328431429,0.13267732,0.14234419151257005,0.094372325,0.09912701215033798,0.054038085,0.05555296972587427,0.035268754,0.03590571798631512,0.019649552,0.019845171241160465,0.012799457,0.012882075790646276,0.008957534,0.008997893905270555,0.0038564166,0.0038638717474382463,0.001586429,0.0015876887109569095
0.07943,0.08720083,0.09123938972478099,0.08732676,0.09137735949031671,0.09071129,0.09509262247163766,0.101683125,0.10723240543972966,0.12679859,0.13558903955730828,0.15393473,0.1671587710516859,0.1871464,0.20720425945029802,0.19998956,0.22313050139936028,0.2021268,0.2258055914009405,0.19770642,0.22028067824880943,0.17603819,0.1936310972341034,0.15490915,0.16831114261136484,0.10623387,0.11231113758432715,0.07487427,0.07782562638226152,0.042403728,0.04332901781195002,0.02758025,0.02796772617464444,0.015311474,0.015429905076151194,0.0098598,0.009908729718507259,0.0067672934,0.006790295362735874,0.002652265,0.0026557884863404385,0.0009791849,0.0009796646147127363
0.1,0.068567954,0.07103204275561141,0.068721324,0.07119671674232883,0.07165943,0.07435661998710931,0.08117302,0.08465744420998651,0.1030114,0.10871212603420165,0.12651266,0.1352616429303431,0.15515323,0.1686000053466619,0.16569602,0.18115745861922763,0.16682096,0.18250672593670225,0.16236927,0.1771779319421659,0.143063,0.15439087533855722,0.1248567,0.13336763460502765,0.084185906,0.08794188905445857,0.058796138,0.06059551886492978,0.03291778,0.03347176129018162,0.021320919,0.02155149305078969,0.0117685255,0.01183832274375799,0.007440548,0.007468366955354576,0.004966516,0.004978890128462368,0.0017391458,0.001740659869770211,0.00056963816,0.0005698004654565086
0.12589,0.052673664,0.054111645368122456,0.05284707,0.05429470992163477,0.055346612,0.0569372039557181,0.06340854,0.06550810036096219,0.08219417,0.08576942489514154,0.10243956,0.10807481826873103,0.1270722,0.1359024298845217,0.13576105,0.1459059859144399,0.13619086,0.14640343735847167,0.13190693,0.14145634656751155,0.11502325,0.1221939055057419,0.09956623,0.10487866509978801,0.06597158,0.06824841295070012,0.04563775,0.04671196262696673,0.025245247,0.02556937500923597,0.016271444,0.016405277709201523,0.008898888,0.008938719584431267,0.005473028,0.005488059889467109,0.0035195055,0.0035257135298926877,0.001081914,0.001082499691435,0.00031129215,0.0003113406114587322
0.15849,0.039328013,0.040122252938176006,0.039512895,0.040314722162969115,0.041581236,0.042470473348500896,0.048198268,0.04939853058675957,0.06408657,0.06623229609818483,0.08137957,0.0848822669719832,0.10252413,0.10816904477500447,0.10977681,0.11628307241391753,0.10980532,0.11631509860336749,0.105858095,0.11189078597990795,0.0913697,0.0958169782049423,0.0784418,0.0816893459718981,0.05102411,0.052371886385139364,0.034945227,0.035570419668423246,0.01909547,0.01928014321476261,0.012237048,0.012312537146892748,0.006595602,0.0066174490990373175,0.0039006996,0.003908327170386226,0.0023926424,0.0023955093427860553,0.0006354853,0.0006356873063691932,0.00015927728,0.00015928996597301903
0.19953,0.028418856,0.028830489205882846,0.028605415,0.02902252351468948,0.030256577,0.03072375484541001,0.035455108,0.03609890339602298,0.048549253,0.04976735711697713,0.06309966,0.06517836312613834,0.0811618,0.0846452330627958,0.087322205,0.09137236866946884,0.08719568,0.09123374775484805,0.08371717,0.08743019559098829,0.07154264,0.07423082277647369,0.060913783,0.06284798609750486,0.038859647,0.03963483176855979,0.026346242,0.026699523138819674,0.014226181,0.01432834318891326,0.009051793,0.009093009388259616,0.004770826,0.00478224271627886,0.0026769657,0.0026805551800538744,0.0015508702,0.0015520740440201602,0.00035109086,0.0003511525068254598,7.6148426e-05,7.615132543859501e-05
0.25119,0.019818543,0.020017564253472633,0.019996652,0.02019929099682447,0.021259665,0.021488906566238333,0.025120547,0.025441453576809048,0.035525523,0.036171909402248646,0.047469445,0.048633093755635265,0.062711604,0.06476425754745083,0.06802346,0.07044763628717754,0.06792411,0.0703410405729206,0.06500475,0.06721382992025807,0.055032015,0.05660423036915539,0.04648038,0.04759527733112931,0.029071495,0.02950244367971793,0.019525206,0.019718340968372,0.010424133,0.010478844822074295,0.0065691234,0.006590795052433647,0.0033499682,0.0033555919064748438,0.0017573818,0.001758927806943929,0.0009528831,0.0009533373817089371,0.00018185267,0.00018186920720175077,3.3972334e-05,3.3972911072851486e-05
0.31623,0.01331573,0.013405179275077046,0.013475802,0.013567424676865125,0.0143985115,0.014503175956457254,0.0170823,0.01722988563599383,0.024978656,0.025295916941849256,0.034437433,0.035044376520266506,0.047000907,0.048141327059762484,0.051602602,0.052981668362764946,0.05164264,0.05302388573413258,0.049327698,0.050585858363643404,0.041419797,0.0423020444623505,0.03472974,0.03534715467707586,0.021316696,0.021547178060338873,0.014205222,0.014307081945421487,0.0074982103,0.007526463198235994,0.0046602585,0.004671151360181815,0.0022688631,0.002271440869692355,0.0010960922,0.0010966933483715791,0.0005519393,0.0005520916745656665,8.8053865e-05,8.805774196915337e-05,1.4133335e-05,1.413343487651964e-05
0.39811,0.008607853,0.00864511454868194,0.008741854,0.008780288160162691,0.009386833,0.009431166972060622,0.011122284,0.011184599088919266,0.016812831,0.01695577105956803,0.02396806,0.024259967694673,0.0339471,0.03453668436423553,0.03788779,0.03862419270698528,0.038112186,0.03885745258039312,0.036399115,0.037078089810958365,0.030383073,0.0308542061049497,0.025330644,0.025656987550458126,0.015295688,0.01541387373928868,0.0101355305,0.010187244720042161,0.0052793617,0.005293346773202282,0.0032154203,0.0032206008719777774,0.0014715726,0.0014726564263751315,0.00064525707,0.0006454653379388787,0.00029996378,0.0003000087781333887,3.9768598e-05,3.9769388791693255e-05,5.4843913e-06,5.484406339321406e-06
0.50119,0.0053451043,0.005359440478388024,0.005448649,0.005463547028691948,0.0058834255,0.005900801033095738,0.006920858,0.0069449182135375995,0.010810104,0.010868957701640076,0.015947472,0.016076001240836843,0.02348659,0.023766796040802313,0.026761452,0.02712605932165365,0.027156431,0.027531981560980662,0.02599589,0.02633975563597927,0.021648807,0.021886580358762616,0.017990353,0.018154146847004043,0.010727398,0.010785351365778946,0.0070822416,0.007107439716287963,0.0036213102,0.003627883016719027,0.0021430824,0.0021453820872869966,0.00090706523,0.0009074768626029247,0.0003563296,0.0003563931004770819,0.00015233118,0.0001523427835726261,1.6723483e-05,1.672362283897051e-05,1.986619e-06,1.9866209733019066e-06
0.63096,0.0031880834,0.003193176164869336,0.0032623797,0.0032677128630142216,0.0035494172,0.003555731326637336,0.0041131536,0.004121635883548603,0.006637119,0.006659242620044902,0.010131225,0.010182895144146472,0.015494192,0.015615481479017692,0.018090265,0.0182558944044669,0.018596701,0.01877179380763097,0.017899716,0.018061853642195293,0.014946767,0.015059595615531508,0.012420623,0.012498403665149775,0.00734228,0.007369367207149424,0.0048322966,0.004844009895194241,0.0024033953,0.0024062880904261457,0.0013684863,0.00136942353253412,0.0005273292,0.000527468286941121,0.00018358143,0.00018359828313333515,7.203829e-05,7.204088488225488e-05,6.539716e-06,6.539737383989532e-06,6.724891e-07,6.724893260829886e-07
0.79433,0.0018364808,0.001838169198321768,0.0018874055,0.001889188894105905,0.0020769886,0.0020791485321101197,0.0023424872,0.002345235115284042,0.0039006213,0.003908248563768573,0.0061567547,0.0061757856670908605,0.009727488,0.009775109085398708,0.011661622,0.011730152015595761,0.012195531,0.012270506690665556,0.0118472865,0.01191802485888312,0.009980183,0.01003031888212521,0.008322919,0.00835774787692118,0.00488929,0.004901281681525189,0.003202162,0.0032072998919104702,0.0015298517,0.0015310231179949483,0.0008297442,0.0008300886282568332,0.00028711345,0.00028715467495758805,8.7831286e-05,8.783514339325253e-05,3.1636966e-05,3.163746645931246e-05,2.3764414e-06,2.376444223739601e-06,2.1299023e-07,2.129902526909585e-07
1.0,0.0010359826,0.0010365196008882127,0.001070625,0.0010711985283376982,0.0011980395,0.0011987577230187544,0.001290901,0.0012917349304542186,0.002210019,0.0022124646960109745,0.0036028181,0.0036093238799257852,0.0058261864,0.00584322483561635,0.007161382,0.007187147782174057,0.0076400037,0.007669338033392082,0.007518288,0.007546692787029553,0.006429491,0.0064502492015431415,0.005398655,0.005413280399980133,0.0031494878,0.0031544578749048494,0.0020438707,0.002045962254115882,0.0009248196,0.0009252475094926873,0.00047345122,0.0004735633334170553,0.00014550367,0.00014551425668592983,3.8875223e-05,3.8875978661011656e-05,1.2875085e-05,1.2875167884648628e-05,8.0235e-07,8.023503218783332e-07,6.318168e-08,6.318168199493171e-08
1.25893,0.0005833733,0.0005835435284112923,0.00060724665,0.0006074310989214117,0.00069455785,0.0006947991670491236,0.0006982154,0.000698459265892989,0.0012226244,0.0012233724149681147,0.0020568091,0.0020589272367371745,0.0033605169,0.003366176119075475,0.0042021074,0.004210961064705414,0.0045677973,0.004578261564004194,0.004562466,0.004572905814301683,0.003980774,0.003988718370991993,0.0033733111,0.0033790135415731814,0.0019453771,0.001947271803704821,0.0012434736,0.0012442473547925534,0.0005257007,0.0005258389290598757,0.0002521541,0.00025218589619022493,6.8280475e-05,6.828280621771141e-05,1.5871277e-05,1.587140295002861e-05,4.847681e-06,4.847692749996654e-06,2.5178767e-07,2.517877017454864e-07,1.7567542e-08,1.7567542130991132e-08
1.58489,0.0003321166,0.00033217176293200704,0.00034864762,0.0003487084117117757,0.00040898015,0.0004090638051912153,0.00037457477,0.00037464494065250265,0.0006700145,0.0006702390600263948,0.0011662173,0.0011668978605678638,0.0019005351,0.0019023434083654076,0.0023792963,0.002382131323241225,0.0026127852,0.002616204480446133,0.002641623,0.002645118242803223,0.0023556254,0.0023584042503239032,0.0020159436,0.0020179783493857717,0.0011397394,0.001140389396881603,0.0007129905,0.0007132447986086793,0.0002784558,0.0002784945760146806,0.00012446841,0.00012447615683539744,2.9549361e-05,2.954979759093817e-05,5.964244e-06,5.964261786185798e-06,1.687061e-06,1.6870624230998238e-06,7.351619e-08,7.351619272680707e-08,4.581576e-09,4.581576017962866e-09
1.99526,0.00018996788,0.0001899859261832459,0.00020121782,0.000201238067021673,0.0002425674,0.00024259682423005582,0.00019886004,0.00019887981527949932,0.00036626402,0.00036633111104864935,0.0006666083,0.000666830582101682,0.0010782108,0.001078792487423351,0.00132461,0.0013254880713130122,0.0014429643,0.0014440063755580732,0.0014595428,0.0014606089701328007,0.0013243798,0.001325257566009963,0.0011428396,0.0011434931391500062,0.0006260972,0.0006262932806998668,0.00038112912,0.00038120176816251923,0.00013636354,0.00013637283835285185,5.660978e-05,5.661138239406451e-05,1.1754898e-05,1.175496708933756e-05,2.0599537e-06,2.0599558216585816e-06,5.4238194e-07,5.423820871165631e-07,1.9997577e-08,1.9997577238695488e-08,1.1209809e-09,1.1209808643174685e-09
2.51189,0.00010655743,0.00010656310764626513,0.00011391288,0.00011391936856482928,0.00014145629,0.00014146629588455102,0.00010282212,0.0001028274065565794,0.00019830257,0.00019832223455434024,0.00038490567,0.0003849797652011641,0.0006239896,0.0006241843625345181,0.00074283907,0.0007431151116533871,0.00078366505,0.000783972275974003,0.0007743978,0.0007746978008663216,0.0007048055,0.0007050539921623314,0.00061039766,0.0006105840284948271,0.00031915857,0.0003192095119357052,0.00018816438,0.00018818208513799155,6.1347586e-05,6.13494678400788e-05,2.3612005e-05,2.3612283767784844e-05,4.288497e-06,4.288506195589695e-06,6.534596e-07,6.534598134911231e-07,1.6110602e-07,1.6110603294668012e-07,5.0765983e-09,5.076598265770348e-09,2.5735958e-10,2.573595781261474e-10
3.16228,5.689191e-05,5.6893528406117966e-05,6.141587e-05,6.141775603173591e-05,7.8826844e-05,7.88299509989025e-05,5.0633258e-05,5.063453990671182e-05,0.00010436575,0.00010437119648378693,0.00022149514,0.00022151967367134223,0.00036825897,0.00036832679398623297,0.00042668724,0.00042677829690313527,0.00042809875,0.0004281904104306697,0.00040009254,0.0004001725983747851,0.00035534435,0.00035540749976387587,0.0003061704,0.0003062172797259795,0.00014975996,0.0001497711751425386,8.516356e-05,8.516718662187145e-05,2.5227755e-05,2.522807322518675e-05,8.999304e-06,8.99934449398056e-06,1.4327205e-06,1.4327215263614114e-06,1.9039463e-07,1.9039464807591173e-07,4.424567e-08,4.424567099554678e-08,1.2049596e-09,1.204959577287712e-09,5.536449e-11,5.5364490771237454e-11
3.98107,2.8199902e-05,2.8200299624692977e-05,3.0767085e-05,3.076755831651776e-05,4.096821e-05,4.0969049220028234e-05,2.3251723e-05,2.3251993325496714e-05,5.2234853e-05,5.223621728743139e-05,0.00012424687,0.00012425458928176774,0.00021783994,0.00021786367056612197,0.00025006774,0.00025009901215086657,0.00023814593,0.00023817429124486488,0.0002046563,0.0002046772449582866,0.00017076175,0.00017077633144759445,0.0001444449,0.0001444553331692436,6.43545e-05,6.435657083965539e-05,3.514435e-05,3.514496757709848e-05,9.446627e-06,9.446671619637846e-06,3.1256236e-06,3.125628484824819e-06,4.380081e-07,4.380081959377308e-07,5.0989634e-08,5.098963525952423e-08,1.124995e-08,1.1249950034873032e-08,2.677949e-10,2.677948974042467e-10,1.1032064e-11,1.1032064151156108e-11
5.01187,1.2755189e-05,1.2755270348128221e-05,1.4077745e-05,1.4077844092333987e-05,1.9513349e-05,1.9513539387837934e-05,9.796852e-06,9.796899989444915e-06,2.4397277e-05,2.4397574618391074e-05,6.644209e-05,6.644429737338915e-05,0.00012604846,0.00012605640477473122,0.00014619267,0.000146203357190031,0.00013362236,0.00013363128826292825,0.000104464256,0.00010446971277038887,7.891022e-05,7.891333357515686e-05,6.445865e-05,6.446072754810094e-05,2.5277122e-05,2.5277441471787772e-05,1.3176907e-05,1.3176993816180445e-05,3.2121325e-06,3.2121376588942886e-06,9.874531e-07,9.874535874864273e-07,1.225562e-07,1.2255620747627335e-07,1.2570138e-08,1.2570138120571888e-08,2.6532803e-09,2.6532802656858837e-09,5.572731e-11,5.572731165570511e-11,1.971423e-12,1.9714230248288336e-12
6.30957,5.206888e-06,5.206901555875076e-06,5.8181568e-06,5.818173725548115e-06,8.417905e-06,8.417940430707786e-06,3.744194e-06,3.7442010094668103e-06,1.0485457e-05,1.0485511972786449e-05,3.325959e-05,3.326014311242872e-05,6.9728325e-05,6.973075613262935e-05,8.289095e-05,8.289438564467839e-05,7.368346e-05,7.368617475952398e-05,5.2733103e-05,5.273449343898209e-05,3.5287518e-05,3.528814061908167e-05,2.7398946e-05,2.7399321357989606e-05,9.087429e-06,9.087470290898463e-06,4.4813655e-06,4.481375541368134e-06,9.900972e-07,9.900976901508703e-07,2.8349496e-07,2.8349500013642825e-07,3.1419262e-08,3.1419262463507754e-08,2.8588376e-09,2.8588376151725497e-09,5.818003e-10,5.818002747930907e-10,1.0769274e-11,1.076927436122447e-11,3.0175862e-13,3.017586180931631e-13
7.94328,1.9049451e-06,1.9049469144055023e-06,2.1563978e-06,2.156400125019629e-06,3.2633004e-06,3.263305724590103e-06,1.2878904e-06,1.287891229323995e-06,4.1053913e-06,4.105399727166335e-06,1.5373118e-05,1.5373236167628968e-05,3.6211826e-05,3.621248166399854e-05,4.451978e-05,4.452077103479364e-05,3.8838818e-05,3.8839572246463315e-05,2.5767427e-05,2.5767758985850845e-05,1.5252496e-05,1.5252612320484363e-05,1.1140782e-05,1.1140844059013582e-05,3.0036588e-06,3.003663311008089e-06,1.3827389e-06,1.3827398560307903e-06,2.764596e-07,2.7645963820541516e-07,7.3967506e-08,7.39675087446722e-08,7.395424e-09,7.395424078272784e-09,6.014834e-10,6.014834188083154e-10,1.1888368e-10,1.1888368068465058e-10,1.881939e-12,1.8819390490438735e-12,3.463896e-14,3.4638958368305484e-14
10.0,6.2180413e-07,6.218043232835341e-07,7.134095e-07,7.134097545071935e-07,1.1308717e-06,1.1308723393861807e-06,3.966314e-07,3.966314786042004e-07,1.4540653e-06,1.4540663572089584e-06,6.496252e-06,6.496273100735333e-06,1.7417991e-05,1.7418142694935046e-05,2.2274935e-05,2.22751830900039e-05,1.916519e-05,1.9165373654603773e-05,1.1912988e-05,1.1913058960167541e-05,6.3131433e-06,6.313163227991567e-06,4.327013e-06,4.327022361563901e-06,9.190243e-07,9.19024722297666e-07,3.8792774e-07,3.87927815286023e-07,6.9960734e-08,6.996073643105047e-08,1.7558992e-08,1.755899219230603e-08,1.6030522e-09,1.6030522477864788e-09,1.1743051e-10,1.1743050976754702e-10,2.264866e-11,2.2648660724912137e-11,2.8554936e-13,2.8554936193363106e-13,5.551115e-16,5.551115123125785e-16
